DTXSID,PREFERRED NAME,CASRN,MOLECULAR FORMULA,MONOISOTOPIC MASS,ToxCast Active,ToxCast Total,% ToxCast Active,HIT CALL,TOP,SCALED TOP,AC50,LOGAC50
https://comptox.epa.gov/dashboard/chemical/details/DTXSID00190950,6:1 Fluorotelomer alcohol,375-82-6,C7H3F13O,349.997631,42,233,18.0,Active,0.8853764124090823,1.3824199344296133,274.51175973092245,2.4385609538019724
https://comptox.epa.gov/dashboard/chemical/details/DTXSID0020284,"2-Chloro-1,4-diaminobenzene sulfate (1:1)",61702-44-1,C6H9ClN2O4S,239.997156,183,438,42.0,Active,-0.9518285154960953,-1.4861777381216017,21.03189136668869,1.32287832989892
https://comptox.epa.gov/dashboard/chemical/details/DTXSID0020573,17beta-Estradiol,50-28-2,C18H24O2,272.177630,188,657,29.0,Active,-1.0546806316857191,-1.6467702428755133,17.916748758323365,1.253259203739897
https://comptox.epa.gov/dashboard/chemical/details/DTXSID0021389,Trichlorfon,52-68-6,C4H8Cl3O4P,255.922579,87,701,12.0,Active,1.080669233867023,1.6873486468400356,9.921256906699744,0.996566695648634
https://comptox.epa.gov/dashboard/chemical/details/DTXSID0021961,Benzophenone,119-61-9,C13H10O,182.073165,21,590,4.0,Active,-0.8670545062621239,-1.353812250805667,169.112708359301,2.2281762448711775
https://comptox.epa.gov/dashboard/chemical/details/DTXSID0024052,Dimethipin,55290-64-7,C6H10O4S2,210.002051,94,608,15.0,Active,1.3225706131157895,2.065051603630578,132.1371823319679,2.1210250417584726
https://comptox.epa.gov/dashboard/chemical/details/DTXSID0025527,Medroxyprogesterone acetate,71-58-9,C24H34O4,386.245710,70,455,15.0,Active,-1.1833982236725837,-1.8477489030029555,32.62985282292787,1.513615114905422
https://comptox.epa.gov/dashboard/chemical/details/DTXSID0025789,beta-Nitrostyrene,102-96-5,C8H7NO2,149.047678,224,432,52.0,Active,-1.556256875524559,-2.429927540044127,18.21416916043539,1.2604093656812703
https://comptox.epa.gov/dashboard/chemical/details/DTXSID0032572,Prallethrin,23031-36-9,C19H24O3,300.172545,210,782,27.0,Active,-2.7496804969790345,-4.293330022191531,91.71339570644194,1.9624327735817055
https://comptox.epa.gov/dashboard/chemical/details/DTXSID0034192,17beta-Trenbolone,10161-33-8,C18H22O2,270.161980,180,705,26.0,Active,-1.1553074437974842,-1.8038881749230784,60.70619113340324,1.7832329849461217
https://comptox.epa.gov/dashboard/chemical/details/DTXSID0034223,Tebufenpyrad,119168-77-3,C18H24ClN3O,333.160790,302,667,45.0,Active,0.8339494314264158,1.3021222410626452,1.7322763289696421,0.23861717092294257
https://comptox.epa.gov/dashboard/chemical/details/DTXSID00379925,Perfluorononanoyl chloride,52447-23-1,C9ClF17O,481.936621,90,239,38.0,Active,-0.9580270083293557,-1.4958560172535276,66.04618096197837,1.8198477101399342
https://comptox.epa.gov/dashboard/chemical/details/DTXSID00380798,"1H,1H,11H,11H-Perfluorotetraethylene glycol",330562-44-2,C8H6F12O5,410.002361,56,253,22.0,Active,-0.8421167754148617,-1.3148746692759177,28.45583971072167,1.4541714058414452
https://comptox.epa.gov/dashboard/chemical/details/DTXSID0040707,4-Pentylaniline,33228-44-3,C11H17N,163.136100,49,601,8.0,Active,-0.8061405751384946,-1.2587017063078205,6.713740608606853,0.8269645578790954
https://comptox.epa.gov/dashboard/chemical/details/DTXSID0040674,Fluocinolone acetonide,67-73-2,C24H30F2O6,452.201045,20,319,6.0,Active,-1.0217531315507975,-1.595357496907285,43.59232793379775,1.6394100619932972
https://comptox.epa.gov/dashboard/chemical/details/DTXSID0041357,"Ethyl (2E,4Z)-deca-2,4-dienoate",3025-30-7,C12H20O2,196.146330,114,357,32.0,Active,-1.268492374084552,-1.980614256296899,157.09304163333482,2.196156948584382
https://comptox.epa.gov/dashboard/chemical/details/DTXSID0041985,Fluorosalan,4776-06-1,C14H8Br2F3NO2,436.887389,145,323,45.0,Active,-2.6445584052421385,-4.129193195041817,150.5808193338168,2.177769655875355
https://comptox.epa.gov/dashboard/chemical/details/DTXSID0042248,"4,4'-Methylenebis(N,N-diglycidylaniline)",28768-32-3,C25H30N2O4,422.220557,115,319,36.0,Active,-2.5902125056142906,-4.044337924507079,18.843389637195447,1.2751590284100172
https://comptox.epa.gov/dashboard/chemical/details/DTXSID0042400,Sodium hexyldecyl sulfate,1120-01-0,C16H33NaO4S,344.199725,121,615,20.0,Active,-1.1624358033579498,-1.8150183408254614,23.53636064510052,1.3717393100816657
https://comptox.epa.gov/dashboard/chemical/details/DTXSID0044527,"Ethane-1,2-diyl bis(sulfanylacetate)",123-81-9,C6H10O4S2,210.002051,43,318,14.0,Active,-2.4754990102606915,-3.8652251533712225,100,2
https://comptox.epa.gov/dashboard/chemical/details/DTXSID0044812,3-Methoxybutan-1-ol,2517-43-3,C5H12O2,104.083730,11,320,3.0,Active,-0.9685726907552493,-1.512321964847559,183.99932015121058,2.2648162183621277
https://comptox.epa.gov/dashboard/chemical/details/DTXSID0045254,21-Hydroxyprogesterone,64-85-7,C21H30O3,330.219495,60,331,18.0,Active,-1.050908549834858,-1.640880543227042,41.42640285642262,1.6172772242123716
https://comptox.epa.gov/dashboard/chemical/details/DTXSID0047034,"(2E,6Z)-1,1-diethoxynona-2,6-diene",67674-36-6,C13H24O2,212.177630,24,318,8.0,Active,-1.2365352227377227,-1.9307166054782674,181.35928742133507,2.258539800735631
https://comptox.epa.gov/dashboard/chemical/details/DTXSID0047113,(-)-Ambroxide,6790-58-5,C16H28O,236.214016,80,436,18.0,Active,-0.9868511507839748,-1.540861812035977,151.68406879159514,2.180939969717341
https://comptox.epa.gov/dashboard/chemical/details/DTXSID0047246,Darbufelone mesylate,139340-56-0,C19H28N2O5S2,428.143964,317,626,51.0,Active,-1.4276950258033645,-2.229192054694867,8.795214738900118,0.9442464474069959
https://comptox.epa.gov/dashboard/chemical/details/DTXSID0047290,UK-416244,402910-27-4,C17H22N2O3S2,366.107185,144,654,22.0,Active,-0.7503072280495161,-1.1715239467245118,35.00000000000001,1.5440680443502757
https://comptox.epa.gov/dashboard/chemical/details/DTXSID0047327,MK-578,313994-79-5,C35H47FN4O2,574.368305,90,599,15.0,Active,-1.6549922088349387,-2.5840921316096805,100.00000000000001,2
https://comptox.epa.gov/dashboard/chemical/details/DTXSID0047379,"3-Chloro-2-((3R)-5-chloro-1-(2,4-dimethoxybenzyl)-3-methyl-2-oxo-2,3-dihydro-1H-indol-3-yl)-N-ethyl-N-(3-pyridinylmethyl)benzamide hydrochloride (1:1)",1437319-51-1,C33H32Cl3N3O4,639.145840,300,643,47.0,Active,-1.264879263626184,-1.9749727733604459,4.581540829915891,0.6610115612771429
https://comptox.epa.gov/dashboard/chemical/details/DTXSID0048507,PharmaGSID_48507,NOCAS_48507,C18H19ClF2N4O3,412.111375,100,626,16.0,Active,-1.770059692168671,-2.763757616860603,39.642811918042064,1.5981644519983413
https://comptox.epa.gov/dashboard/chemical/details/DTXSID0048505,PharmaGSID_48505,NOCAS_48505,C17H12ClN5O2,353.067952,291,623,47.0,Active,0.8432217484806908,1.3165999657394336,19.84251316420614,1.2975966771036749
https://comptox.epa.gov/dashboard/chemical/details/DTXSID0048509,PharmaGSID_48509,NOCAS_48509,C25H39N3O2,413.304228,153,627,24.0,Active,-3.1883492697667015,-4.978264076921296,156.65239703416896,2.1949370446741416
https://comptox.epa.gov/dashboard/chemical/details/DTXSID0051447,"N-(3-Chlorophenyl)-6,7-dimethoxyquinazolin-4-amine",175178-82-2,C16H14ClN3O2,315.077454,28,217,13.0,Active,-0.8421411674782036,-1.3149127548563928,1.3157043117269551,0.11915829792976354
https://comptox.epa.gov/dashboard/chemical/details/DTXSID00872663,Bisdemethoxycurcumin,33171-05-0,C19H16O4,308.104859,101,229,44.0,Active,-0.6788963150717677,-1.0600234953315906,14.570017581559767,1.1634600758310598
https://comptox.epa.gov/dashboard/chemical/details/DTXSID1020221,"4-(1,1-Dimethylethyl)phenol",98-54-4,C10H14O,150.104465,60,635,9.0,Active,-1.141831028863545,-1.7828462040864816,176.62108718717718,2.247042553728006
https://comptox.epa.gov/dashboard/chemical/details/DTXSID1021031,4-Nitrosodiphenylamine,156-10-5,C12H10N2O,198.079313,176,362,49.0,Active,-1.8216368453158505,-2.8442897878925617,65.0689465605058,1.8133737757416515
https://comptox.epa.gov/dashboard/chemical/details/DTXSID1021081,C.I. Acid Orange 3,6373-74-6,C18H13N4NaO7S,452.040264,33,318,10.0,Active,-0.9914409600364075,-1.5480283049726113,178.0290917789812,2.250490976279281
https://comptox.epa.gov/dashboard/chemical/details/DTXSID1021243,Rhodamine 6G,989-38-8,C28H31ClN2O3,478.202321,209,366,57.0,Active,-0.9127813065770489,-1.4252097258310432,1.3399019240668704,0.1270730107563118
https://comptox.epa.gov/dashboard/chemical/details/DTXSID1021322,Tetraethylthiuram disulfide,97-77-8,C10H20N2S4,296.050933,313,757,41.0,Active,-3.1909026734706516,-4.982250941865419,139.9471050607127,2.1459639190997044
https://comptox.epa.gov/dashboard/chemical/details/DTXSID1021247,C.I. Basic Red 9 monohydrochloride,569-61-9,C19H18ClN3,323.118925,118,324,36.0,Active,-2.8314307644191103,-4.420974262279888,25.7475445531555,1.4107358183145993
https://comptox.epa.gov/dashboard/chemical/details/DTXSID1022396,Chrysin,480-40-0,C15H10O4,254.057909,119,411,29.0,Active,1.1745811069908854,1.8339819246939153,3.1751824016112042,0.5017686788367725
https://comptox.epa.gov/dashboard/chemical/details/DTXSID10224331,"2,2,3,3-Tetrafluoropropyl acrylate",7383-71-3,C6H6F4O2,186.030392,109,262,42.0,Active,-0.8715363999223594,-1.360810245164975,205.5553186397602,2.3129287184115066
https://comptox.epa.gov/dashboard/chemical/details/DTXSID1022394,Biochanin A,491-80-5,C16H12O5,284.068473,141,419,34.0,Active,0.9137250523403624,1.4266832832219478,178.19470704909122,2.250894799961733
https://comptox.epa.gov/dashboard/chemical/details/DTXSID1024126,Heptachlor epoxide B,1024-57-3,C10H5Cl7O,385.816009,187,632,30.0,Active,-1.319456384774108,-2.060189071401837,100.00000000000001,2
https://comptox.epa.gov/dashboard/chemical/details/DTXSID1024598,Benzyl salicylate,118-58-1,C14H12O3,228.078644,38,367,10.0,Active,0.7262595486610628,1.1339760847107563,148.23042707899924,2.1709373598927972
https://comptox.epa.gov/dashboard/chemical/details/DTXSID1025279,Ethyl cyanoacrylate,7085-85-0,C6H7NO2,125.047678,19,320,6.0,Active,-0.9017191237421449,-1.4079373184628983,137.21396538422061,2.1373983153113114
https://comptox.epa.gov/dashboard/chemical/details/DTXSID1025512,Malachite green,569-64-2,C23H25ClN2,364.170627,196,316,62.0,Active,-1.9562920560079224,-3.054539400290786,1.6124286290684162,0.20748050055522285
https://comptox.epa.gov/dashboard/chemical/details/DTXSID1025805,Octhilinone,26530-20-1,C11H19NOS,213.118735,370,661,56.0,Active,-2.484794182380153,-3.8797385637713644,17.596754498498612,1.245432575009166
https://comptox.epa.gov/dashboard/chemical/details/DTXSID1026081,"3,3',5,5'-Tetrabromobisphenol A",79-94-7,C15H12Br4O2,539.757082,306,735,42.0,Active,-1.9245203582078512,-3.004931315216572,21.570739388693447,1.3338650318399596
https://comptox.epa.gov/dashboard/chemical/details/DTXSID1025857,"1,10-Phenanthroline",66-71-7,C12H8N2,180.068748,115,357,32.0,Active,-0.7459462679365273,-1.1647147770776218,6.31212935915708,0.8001758906120785
https://comptox.epa.gov/dashboard/chemical/details/DTXSID1026906,"N,N-Dimethyldodecan-1-amine",112-18-5,C14H31N,213.245650,29,472,6.0,Active,-0.9008286373171348,-1.4065469197940164,21.861000543828457,1.3396700350482473
https://comptox.epa.gov/dashboard/chemical/details/DTXSID1032648,Z-Tetrachlorvinphos,22248-79-9,C10H9Cl4O4P,363.899257,113,481,23.0,Active,0.8119621267358497,1.2677914322873012,188.0945907678806,2.274376306271061
https://comptox.epa.gov/dashboard/chemical/details/DTXSID1033664,17-Methyltestosterone,58-18-4,C20H30O2,302.224580,157,696,23.0,Active,-0.9392370862203068,-1.4665175770987349,61.458330196651865,1.788580756437258
https://comptox.epa.gov/dashboard/chemical/details/DTXSID1034181,Raloxifene hydrochloride,82640-04-8,C28H28ClNO4S,509.142757,398,724,55.0,Active,-1.4000278573435432,-2.185992750227281,8.244302140001741,0.9161538995713956
https://comptox.epa.gov/dashboard/chemical/details/DTXSID1035783,S-Methoprene,65733-16-6,C19H34O3,310.250795,125,435,29.0,Active,1.1568770744435921,1.8063389841658581,180.71189472626207,2.2569867394118717
https://comptox.epa.gov/dashboard/chemical/details/DTXSID1034929,Spiromesifen,283594-90-1,C23H30O4,370.214409,36,364,10.0,Active,-0.9399866578187474,-1.4676879524390345,187.09003092586994,2.272050646777235
https://comptox.epa.gov/dashboard/chemical/details/DTXSID10379991,3-(Perfluorooctyl)propanol,1651-41-8,C11H7F17O,478.022544,153,239,64.0,Active,-1.1071310440781805,-1.728665914190157,27.690844163685295,1.4423361955448557
https://comptox.epa.gov/dashboard/chemical/details/DTXSID1040619,Bexarotene,153559-49-0,C24H28O2,348.208930,171,366,47.0,Active,-1.8462795380881707,-2.8827666992367273,14.474693562659194,1.1606093782402418
https://comptox.epa.gov/dashboard/chemical/details/DTXSID1041188,1-Phenyl-2-nitropropene,705-60-2,C9H9NO2,163.063329,121,361,34.0,Active,-2.6385586237515506,-4.119825182275086,18.93835820245219,1.2773423265932777
https://comptox.epa.gov/dashboard/chemical/details/DTXSID1041506,4-Chloro-2-cyclopentylphenol,13347-42-7,C11H13ClO,196.065493,83,323,26.0,Active,-1.6925171153847496,-2.6426832326656893,57.854851930060946,1.7623397864181407
https://comptox.epa.gov/dashboard/chemical/details/DTXSID1041847,Dibutyl decanedioate,109-43-3,C18H34O4,314.245710,5,586,1.0,Active,-1.146017835980472,-1.7893834525820713,166.43875802996703,2.221254466417086
https://comptox.epa.gov/dashboard/chemical/details/DTXSID1042154,Methyl red,493-52-7,C15H15N3O2,269.116427,101,354,29.0,Active,-1.8739539942167296,-2.9259773826143425,69.73540885132924,1.8434533514688636
https://comptox.epa.gov/dashboard/chemical/details/DTXSID1042499,Triphenylbismuthine dichloride,594-30-9,C18H15BiCl2,510.035480,171,319,54.0,Active,-2.4822719488456584,-3.8758003676905752,5.617961035405719,0.7495787227318873
https://comptox.epa.gov/dashboard/chemical/details/DTXSID1044514,Hexylparaben,1083-27-8,C13H18O3,222.125594,132,319,41.0,Active,0.8027231684203673,1.253365793689211,52.62392644394015,1.721183249095914
https://comptox.epa.gov/dashboard/chemical/details/DTXSID1044697,4-Ethyloct-1-yn-3-ol,5877-42-9,C10H18O,154.135765,31,574,5.0,Active,-0.8915733464977972,-1.3920957797497704,186.15539803465944,2.2698756341760897
https://comptox.epa.gov/dashboard/chemical/details/DTXSID1044560,"5-Bromo-5-nitro-1,3-dioxane",30007-47-7,C4H6BrNO4,210.948021,81,318,25.0,Active,-1.036448812185284,-1.6183032198499678,62.91106437341518,1.7987270329451481
https://comptox.epa.gov/dashboard/chemical/details/DTXSID1044776,2-Cyanoethyl prop-2-enoate,106-71-8,C6H7NO2,125.047678,48,318,15.0,Active,-1.618006809476957,-2.526343412941885,186.4901251783128,2.2706558404658397
https://comptox.epa.gov/dashboard/chemical/details/DTXSID1044936,"(2,4,6-Trioxo-1,3,5-triazinane-1,3,5-triyl)triethane-2,1-diyl trisprop-2-enoate",40220-08-4,C18H21N3O9,423.127779,135,319,42.0,Active,-1.891869319655691,-2.953950234241624,35.00000000000001,1.5440680443502757
https://comptox.epa.gov/dashboard/chemical/details/DTXSID1044851,2-Hydroxy-3-phenoxypropyl prop-2-enoate,16969-10-1,C12H14O4,222.089209,79,319,25.0,Active,-0.8386949589285938,-1.3095318712791815,100.00000000000001,2
https://comptox.epa.gov/dashboard/chemical/details/DTXSID1046970,"2-(2,6-Diisopropylphenyl)-5-hydroxy-1H-isoindole-1,3-dione",105624-86-0,C20H21NO3,323.152144,312,688,45.0,Active,-1.1341159888915116,-1.7707999998926747,181.66816744191283,2.259278835313214
https://comptox.epa.gov/dashboard/chemical/details/DTXSID1047104,"trans,cis-2,6-Nonadienal",557-48-2,C9H14O,138.104465,29,318,9.0,Active,-0.8461304831651586,-1.321141641749114,181.25152527299582,2.258281669945698
https://comptox.epa.gov/dashboard/chemical/details/DTXSID1047283,CP-728663,368832-42-2,C26H33N3O2,419.257277,148,637,23.0,Active,-1.6724061711313774,-2.6112821586745527,100.00000000000001,2
https://comptox.epa.gov/dashboard/chemical/details/DTXSID1047316,Aplaviroc hydrochloride,461023-63-2,C33H44ClN3O6,613.291864,161,580,28.0,Active,-0.9768039491301375,-1.525174188493233,63.44759273897995,1.8024151492044016
https://comptox.epa.gov/dashboard/chemical/details/DTXSID1047360,SR58611,929601-09-2,C22H27Cl2NO4,439.131714,176,620,28.0,Active,-0.8592627885240809,-1.3416463225365698,52.69976105157375,1.7218086460622954
https://comptox.epa.gov/dashboard/chemical/details/DTXSID1047362,SSR150106,NOCAS_47362,C17H17NO3,283.120843,252,670,38.0,Active,1.726443931516534,2.695656302960944,66.09931135806144,1.8201969349024052
https://comptox.epa.gov/dashboard/chemical/details/DTXSID1047289,UK-343664,215297-27-1,C28H35N7O4S,565.247124,79,598,13.0,Active,-1.711053776414283,-2.6716262329148885,66.577661024435,1.823328533655969
https://comptox.epa.gov/dashboard/chemical/details/DTXSID1048174,FR167356,174185-16-1,C19H17Cl2NO3,377.058549,200,612,33.0,Active,-0.8258453546800777,-1.289468597835578,8.37893627064341,0.9231888872325594
https://comptox.epa.gov/dashboard/chemical/details/DTXSID1051808,C.I. Basic Green 4 oxalate (1:x),18015-76-4,, ,104,211,49.0,Active,-2.3490955763550794,-3.6678598019090067,2.6302002320999587,0.41998881175439307
https://comptox.epa.gov/dashboard/chemical/details/DTXSID2020634,5-Fluorouracil,51-21-8,C4H3FN2O2,130.017856,93,636,15.0,Active,1.903903564065144,2.9727404110909927,10.841527896964553,1.0350904916544763
https://comptox.epa.gov/dashboard/chemical/details/DTXSID2020501,Methadone hydrochloride,1095-90-5,C21H28ClNO,345.185942,116,647,18.0,Active,-1.0449539431948398,-1.631583066125241,50,1.6989700043360187
https://comptox.epa.gov/dashboard/chemical/details/DTXSID2020688,Hexachlorocyclopentadiene,77-47-4,C5Cl6,269.813116,180,604,30.0,Active,-1.3351662502419606,-2.0847183347587337,10.000000000000002,1
https://comptox.epa.gov/dashboard/chemical/details/DTXSID2020636,Fluvastatin,93957-54-1,C24H26FNO4,411.184586,43,319,13.0,Active,0.7747743296539167,1.2097266913668776,24.704326864082656,1.3927730248638803
https://comptox.epa.gov/dashboard/chemical/details/DTXSID2022381,Hexestrol,84-16-2,C18H22O2,270.161980,324,709,46.0,Active,-0.8305094665077961,-1.2967511062429375,18.367949737417398,1.2640606823036735
https://comptox.epa.gov/dashboard/chemical/details/DTXSID2022880,Danazol,17230-88-5,C22H27NO2,337.204179,193,468,41.0,Active,-2.2057206391943405,-3.443995275532829,21.193804110732575,1.3262089159378534
https://comptox.epa.gov/dashboard/chemical/details/DTXSID2023224,Loratadine,79794-75-5,C22H23ClN2O2,382.144806,143,322,44.0,Active,-1.4570144664793134,-2.274971204318328,8.186341500405007,0.9130898576617968
https://comptox.epa.gov/dashboard/chemical/details/DTXSID2025501,Limonene dimercaptan,4802-20-4,C10H20S2,204.100643,135,427,32.0,Active,1.182909814475176,1.8469863046310178,53.25633566791896,1.726371281255195
https://comptox.epa.gov/dashboard/chemical/details/DTXSID2025842,Pentaerythritol triacrylate,3524-68-3,C14H18O7,298.105253,270,436,62.0,Active,-1.9808301399720467,-3.092852976244783,13.859781316989002,1.1417563779255562
https://comptox.epa.gov/dashboard/chemical/details/DTXSID2025977,Pyrazineethanethiol,35250-53-4,C6H8N2S,140.040819,30,316,9.0,Active,-2.017232347684912,-3.1496911039543125,44.043550692484295,1.6438823235602282
https://comptox.epa.gov/dashboard/chemical/details/DTXSID2025892,N-Phenyl-1-naphthylamine,90-30-2,C16H13N,219.104799,225,475,47.0,Active,-1.7308888266496858,-2.702596528104054,58.90926926738266,1.770183635618157
https://comptox.epa.gov/dashboard/chemical/details/DTXSID2026529,2-Tert-Butyl-5-methylphenol,88-60-8,C11H16O,164.120115,113,612,18.0,Active,-1.5712978801148618,-2.4534124491608096,175.56995383425976,2.244450194938648
https://comptox.epa.gov/dashboard/chemical/details/DTXSID2026652,"1,4-Diisopropylbenzene",100-18-5,C12H18,162.140851,45,427,11.0,Active,0.8223491408911404,1.2840096364615072,179.4427752948872,2.2539259775049962
https://comptox.epa.gov/dashboard/chemical/details/DTXSID2034259,2-Methyl-3(2H)-isothiazolone,2682-20-4,C4H5NOS,115.009185,49,199,25.0,Active,-2.0618153083440762,-3.2193025965209827,121.90904751499168,2.0860359381042364
https://comptox.epa.gov/dashboard/chemical/details/DTXSID2033314,Chlorhexidine,55-56-1,C22H30Cl2N10,504.203196,145,324,45.0,Active,-1.4671100545224343,-2.290734377997899,7.392405633862831,0.8687857893423246
https://comptox.epa.gov/dashboard/chemical/details/DTXSID2035013,Zinc chloride,7646-85-7,Cl2Zn,133.866847,43,336,13.0,Active,-1.6884807122399754,-2.6363808237777593,233.28782412977628,2.367892072478953
https://comptox.epa.gov/dashboard/chemical/details/DTXSID2036112,2-(8-Heptadecenyl)-2-imidazoline-1-ethanol,95-38-5,C22H42N2O,350.329714,151,366,41.0,Active,-1.6663874458579575,-2.6018845672307154,18.878086329768653,1.275957967793389
https://comptox.epa.gov/dashboard/chemical/details/DTXSID2037712,"4,4',4''-Ethane-1,1,1-triyltriphenol",27955-94-8,C20H18O3,306.125594,288,635,45.0,Active,-2.763085363310766,-4.314260277589828,10.000000000000002,1
https://comptox.epa.gov/dashboard/chemical/details/DTXSID2037502,Bitertanol,55179-31-2,C20H23N3O2,337.179027,106,320,33.0,Active,-0.9912369537564452,-1.5477097711329744,35.00000000000001,1.5440680443502757
https://comptox.epa.gov/dashboard/chemical/details/DTXSID2040733,Triphenyltin chloride,639-58-7,C18H15ClSn,385.988430,227,376,60.0,Active,-0.9722498710956332,-1.518063486006009,0.1946528461446859,-0.7107392417999416
https://comptox.epa.gov/dashboard/chemical/details/DTXSID2041759,Quaternium 17,124-03-8,C20H44BrN,377.265713,282,453,62.0,Active,-1.9601725176156906,-3.0605983232597986,10.815957475155525,1.0340649710955632
https://comptox.epa.gov/dashboard/chemical/details/DTXSID2044507,Maprotiline hydrochloride,10347-81-6,C20H24ClN,313.159727,138,322,43.0,Active,-1.9261997857039694,-3.007553560418187,14.629454053901748,1.1652281193035787
https://comptox.epa.gov/dashboard/chemical/details/DTXSID2044763,Parbenate,10287-53-3,C11H15NO2,193.110279,13,316,4.0,Active,-1.019461939821525,-1.5917800477277568,100.00000000000003,2
https://comptox.epa.gov/dashboard/chemical/details/DTXSID2044846,4-Chloro-3-nitrobenzaldehyde,16588-34-4,C7H4ClNO3,184.987971,57,316,18.0,Active,-0.9053327751177186,-1.4135796459833245,55.43802240957954,1.7438077296859023
https://comptox.epa.gov/dashboard/chemical/details/DTXSID2044971,"2,2',2''-[Methanetriyltris(benzene-4,1-diyloxymethanediyl)]trioxirane",66072-38-6,C28H28O6,460.188589,92,319,29.0,Active,-2.608875461139254,-4.073478120012042,14.619462260580882,1.164931398507108
https://comptox.epa.gov/dashboard/chemical/details/DTXSID2045232,Tiratricol,51-24-1,C14H9I3O4,621.763490,210,676,31.0,Active,0.9317152542231677,1.4547730463539164,4.007118244076877,0.6028321580035574
https://comptox.epa.gov/dashboard/chemical/details/DTXSID2047222,Farnesyl acetate,29548-30-9,C17H28O2,264.208930,50,303,17.0,Active,0.971827314211883,1.5174037089311518,119.91912884765257,2.078888464920013
https://comptox.epa.gov/dashboard/chemical/details/DTXSID2047272,CJ-013610,249296-43-3,C23H27N3O5S2,489.139213,232,629,37.0,Active,-1.4350387139558487,-2.240658433008025,6.940271319657649,0.8413764488881219
https://comptox.epa.gov/dashboard/chemical/details/DTXSID2047351,SSR 240612,464930-42-5,C42H53ClN4O7S,792.332349,332,646,51.0,Active,-2.1598999492925475,-3.3724512020271877,10.000000000000002,1
https://comptox.epa.gov/dashboard/chemical/details/DTXSID2047359,"4-Bromophenyl 1,4-diazabicyclo(3.2.2)nonane-4-carboxylate",298198-52-4,C14H17BrN2O2,324.047341,58,640,9.0,Active,-1.3265798980097199,-2.0713116702897922,82.74129917269462,1.9177223357413
https://comptox.epa.gov/dashboard/chemical/details/DTXSID3020625,Finasteride,98319-26-7,C23H36N2O2,372.277678,41,436,9.0,Active,-0.8228394277279454,-1.2847751665651874,37.72153905213387,1.5765894037952324
https://comptox.epa.gov/dashboard/chemical/details/DTXSID3020679,Heptachlor,76-44-8,C10H5Cl7,369.821094,276,639,43.0,Active,-0.751550450006495,-1.1734651039455086,100.00000000000001,2
https://comptox.epa.gov/dashboard/chemical/details/DTXSID3021192,Promethazine hydrochloride,58-33-3,C17H21ClN2S,320.111398,110,321,34.0,Active,-2.1265316353003922,-3.320350172685841,28.80261461579606,1.4594319135117209
https://comptox.epa.gov/dashboard/chemical/details/DTXSID3021770,"2,2',6,6'-Tetrachlorobisphenol A",79-95-8,C15H12Cl4O2,363.959140,235,554,42.0,Active,-1.6527372550246608,-2.580571264038718,57.58224126058987,1.760288564817217
https://comptox.epa.gov/dashboard/chemical/details/DTXSID3022667,Betamethasone,378-44-9,C22H29FO5,392.199902,41,334,12.0,Active,-1.4243855969304324,-2.224024737854937,36.24371790407022,1.5592327414993232
https://comptox.epa.gov/dashboard/chemical/details/DTXSID3024944,"1,2-Dibromo-2,4-dicyanobutane",35691-65-7,C6H6Br2N2,263.889774,246,473,52.0,Active,-2.1074118708762217,-3.2904967192719963,64.78214641201482,1.811455333292111
https://comptox.epa.gov/dashboard/chemical/details/DTXSID3025178,"1,3-Diphenylguanidine",102-06-7,C13H13N3,211.110947,88,633,14.0,Active,-1.0935888797530953,-1.707521282758899,5.886516171267152,0.7698583414374514
https://comptox.epa.gov/dashboard/chemical/details/DTXSID3025209,C.I. Disperse Blue 27,15791-78-3,C22H16N2O7,420.095751,154,446,35.0,Active,-0.6534289043767136,-1.0202588757531759,2.6975927267591655,0.4309763820028414
https://comptox.epa.gov/dashboard/chemical/details/DTXSID3025881,"1,2-Phenylenediamine",95-54-5,C6H8N2,108.068748,165,630,26.0,Active,1.3310847206413192,2.0783454657689915,18.605535565899082,1.2696421758338765
https://comptox.epa.gov/dashboard/chemical/details/DTXSID3027403,Tributyltin chloride,1461-22-9,C12H27ClSn,326.082331,544,817,67.0,Active,-2.425830040293359,-3.7876724049095873,0.7486514504280226,-0.12572032968064553
https://comptox.epa.gov/dashboard/chemical/details/DTXSID3027902,Methylcyclopentadiene dimer,26472-00-4,, ,39,428,9.0,Active,-0.9528469997206304,-1.4877679915721858,81.96649647867439,1.9136363722892946
https://comptox.epa.gov/dashboard/chemical/details/DTXSID3029572,Benoxacor,98730-04-2,C11H11Cl2NO2,259.016684,129,470,27.0,Active,-1.5410261437853023,-2.406146392413361,53.837435024610265,1.7310843606291149
https://comptox.epa.gov/dashboard/chemical/details/DTXSID3030636,Doxorubicin hydrochloride,25316-40-9,C27H30ClNO11,579.150738,166,406,41.0,Active,-2.853413848786127,-4.455298481474436,1.8362798291812759,0.26393886368931757
https://comptox.epa.gov/dashboard/chemical/details/DTXSID3031860,Perfluorodecanoic acid,335-76-2,C10HF19O2,513.967314,269,705,38.0,Active,-2.2564146581335507,-3.5231485275911596,67.29011990113345,1.827951302152448
https://comptox.epa.gov/dashboard/chemical/details/DTXSID3032331,Bis(trichloromethyl)sulfone,3064-70-8,C2Cl6O2S,297.775017,188,307,61.0,Active,-2.3006525367620445,-3.5922212117238956,13.767536845821802,1.1388562474497195
https://comptox.epa.gov/dashboard/chemical/details/DTXSID3032541,Diiodomethyl 4-methylphenyl sulfone,20018-09-1,C8H8I2O2S,421.833440,214,308,69.0,Active,-1.5456333534883058,-2.413340054279956,3.214785603118567,0.5071520147447465
https://comptox.epa.gov/dashboard/chemical/details/DTXSID3033307,Cetylpyridinium bromide,140-72-7,C21H38BrN,383.218763,158,322,49.0,Active,-3.26102107118981,-5.091733269854569,19.336486656781183,1.2863775677727316
https://comptox.epa.gov/dashboard/chemical/details/DTXSID3036525,Androsterone,53-41-8,C19H30O2,290.224580,50,323,15.0,Active,-0.7388939938879208,-1.1537034105094444,116.74961537734899,2.067255458490654
https://comptox.epa.gov/dashboard/chemical/details/DTXSID3037541,Endosulfan sulfate,1031-07-8,C9H6Cl6O4S,419.811796,139,505,28.0,Active,-0.7531402485354597,-1.1759474031657777,16.492993964379426,1.217299500046211
https://comptox.epa.gov/dashboard/chemical/details/DTXSID30382104,9-Chloro-perfluorononanoic acid,865-79-2,C9HClF16O2,479.940958,139,267,52.0,Active,-1.274408423385474,-1.9898515302653905,50,1.6989700043360187
https://comptox.epa.gov/dashboard/chemical/details/DTXSID3040720,"4-Amino-2,6-dichlorophenol",5930-28-9,C6H5Cl2NO,176.974819,53,316,17.0,Active,-2.971179018708391,-4.6391761138579914,146.0733351371751,2.1645709451629767
https://comptox.epa.gov/dashboard/chemical/details/DTXSID3042007,Glyceryl monoricinoleate,1323-38-2,, ,47,352,13.0,Active,1.2658704215653829,1.976520359758855,188.6856048905949,2.2757387684476478
https://comptox.epa.gov/dashboard/chemical/details/DTXSID3044338,"2-(1-Chlorocyclopropyl)-1-(2-chlorophenyl)-3-(1H-1,2,4-triazol-1-yl)-2-propanol",120983-64-4,C14H15Cl2N3O,311.059217,43,317,14.0,Active,-0.7988569822133602,-1.2473291602213725,27.680993889196124,1.442181679456843
https://comptox.epa.gov/dashboard/chemical/details/DTXSID3042633,Clomipramine hydrochloride,17321-77-6,C19H24Cl2N2,350.131654,128,322,40.0,Active,-1.1052075173594837,-1.725662534336046,3.6433039366583513,0.5614954030584292
https://comptox.epa.gov/dashboard/chemical/details/DTXSID3042500,Triphenyltin fluoride,379-52-2,C18H15FSn,370.017981,185,319,58.0,Active,-3.3180147263889674,-5.180722725614906,0.5339906770799953,-0.2724663252337241
https://comptox.epa.gov/dashboard/chemical/details/DTXSID3044201,Quetiapine fumarate,111974-72-2,C46H54N6O8S2,882.344455,35,316,11.0,Active,-1.057109752632698,-1.6505630536768616,71.75266555063762,1.8558380393771843
https://comptox.epa.gov/dashboard/chemical/details/DTXSID3044889,"2,5-Di-tert-butylcyclohexa-2,5-diene-1,4-dione",2460-77-7,C14H20O2,220.146330,42,195,22.0,Active,-1.7246222601138936,-2.6928119592155104,27.39150000248143,1.4376158155676955
https://comptox.epa.gov/dashboard/chemical/details/DTXSID3044910,"Hex-3-yne-2,5-diol",3031-66-1,C6H10O2,114.068080,114,318,36.0,Active,-2.9316500059176853,-4.577455816700418,184.73144251401393,2.2665408215266267
https://comptox.epa.gov/dashboard/chemical/details/DTXSID3044752,Diprop-2-en-1-yl (2Z)-but-2-enedioate,999-21-3,C10H12O4,196.073559,31,318,10.0,Active,-1.3637846456317824,-2.1294028776534666,167.9013855989009,2.225054280149209
https://comptox.epa.gov/dashboard/chemical/details/DTXSID3052278,2-Chlorobenzamide,609-66-5,C7H6ClNO,155.013791,20,196,10.0,Active,-1.230780260576276,-1.9217308517328922,141.77746567251742,2.151607208902187
https://comptox.epa.gov/dashboard/chemical/details/DTXSID30865801,Tetrahydrocurcumin,36062-04-1,C21H24O6,372.157288,35,162,22.0,Active,-1.2917787040258242,-2.0169733531277347,100.00000000000001,2
https://comptox.epa.gov/dashboard/chemical/details/DTXSID4020161,Biphenyl,92-52-4,C12H10,154.078250,12,603,2.0,Active,-0.7541263812237462,-1.1774871431759848,180.286789995051,2.255963906187557
https://comptox.epa.gov/dashboard/chemical/details/DTXSID4020537,Diphenhydramine hydrochloride,147-24-0,C17H22ClNO,291.138992,116,664,17.0,Active,-0.8804393811839627,-1.374711291770006,78.82666744580516,1.8966731662877225
https://comptox.epa.gov/dashboard/chemical/details/DTXSID4021218,Quercetin,117-39-5,C15H10O7,302.042653,176,641,27.0,Active,1.3509826711991098,2.1094139730387274,72.98573596387378,1.8632379916617932
https://comptox.epa.gov/dashboard/chemical/details/DTXSID4021478,Lynestrenol,52-76-6,C20H28O,284.214016,273,463,59.0,Active,0.9581184550428403,1.4959988014500427,35.00000000000001,1.5440680443502757
https://comptox.epa.gov/dashboard/chemical/details/DTXSID4022070,2-Tridecanone,593-08-8,C13H26O,198.198365,69,429,16.0,Active,1.4323719403327893,2.2364945531424008,147.22183076387134,2.167972214059276
https://comptox.epa.gov/dashboard/chemical/details/DTXSID4022153,Tetrabutyltin,1461-25-2,C16H36Sn,348.183903,181,367,49.0,Active,-1.4430772026741867,-2.2532096675916082,18.944612929131385,1.2774857363220362
https://comptox.epa.gov/dashboard/chemical/details/DTXSID4022442,Bisphenol B,77-40-7,C16H18O2,242.130680,231,674,34.0,Active,-1.1390046254166941,-1.7784330794392647,35.00000000000001,1.5440680443502757
https://comptox.epa.gov/dashboard/chemical/details/DTXSID4022446,"2,2′-Methylenebis[phenol]",2467-02-9,C13H12O2,200.083730,87,504,17.0,Active,-0.9011038042596297,-1.4069765633459221,100.00000000000001,2
https://comptox.epa.gov/dashboard/chemical/details/DTXSID4025662,Methyl styryl ketone,122-57-6,C10H10O,146.073165,26,349,7.0,Active,-0.8472853050942034,-1.322944771845029,189.6570714296077,2.277969040160897
https://comptox.epa.gov/dashboard/chemical/details/DTXSID4026181,Tribromsalan,87-10-5,C13H8Br3NO2,446.810518,126,320,39.0,Active,-1.0155130829455046,-1.5856143329118781,100.00000000000001,2
https://comptox.epa.gov/dashboard/chemical/details/DTXSID4026262,"Tris(2,3-epoxypropyl)isocyanurate",2451-62-9,C12H15N3O6,297.096085,160,583,27.0,Active,1.2935634043274904,2.0197599704798876,9.008340832216977,0.9546448094289897
https://comptox.epa.gov/dashboard/chemical/details/DTXSID4029353,Acetylcedrene,32388-55-9,C17H26O,246.198365,60,373,16.0,Active,1.3058841039978917,2.0389974163749485,100.00000000000001,2
https://comptox.epa.gov/dashboard/chemical/details/DTXSID4034150,Haloperidol,52-86-8,C21H23ClFNO2,375.140135,272,741,37.0,Active,-2.458254264475003,-3.838299339667376,46.3054725856242,1.6656323208945736
https://comptox.epa.gov/dashboard/chemical/details/DTXSID4034869,Prothioconazole,178928-70-6,C14H15Cl2N3OS,343.031289,93,326,29.0,Active,-1.4207711941580787,-2.2183812371093463,83.46016134329076,1.9214792199447428
https://comptox.epa.gov/dashboard/chemical/details/DTXSID4036435,1-Octyl-2-pyrrolidone,2687-94-7,C12H23NO,197.177964,14,357,4.0,Active,-1.3038967284860923,-2.035894343505373,76.1879374854052,1.8818862167698651
https://comptox.epa.gov/dashboard/chemical/details/DTXSID40380797,"1H,1H-Perfluoro-3,6,9-trioxadecan-1-ol",147492-57-7,C7H3F13O4,397.982375,100,259,39.0,Active,-1.8595179161794348,-2.903437001174277,92.89384288683999,1.9679869293985306
https://comptox.epa.gov/dashboard/chemical/details/DTXSID4040767,"3,5-Dichlorosalicyl-3,4-dichloroanilide",1154-59-2,C13H7Cl4NO2,348.923089,139,320,43.0,Active,-1.2249480247155342,-1.9126244434265687,10.674520518895324,1.0283483763739074
https://comptox.epa.gov/dashboard/chemical/details/DTXSID4044161,Antimony trichloride,10025-91-9,Cl3Sb,225.810370,53,324,16.0,Active,-2.1418688007675697,-3.344297505122426,179.0983218487021,2.2530915165287473
https://comptox.epa.gov/dashboard/chemical/details/DTXSID4044454,Ethyl 4-chloro-3-oxobutanoate,638-07-3,C6H9ClO3,164.024022,104,425,24.0,Active,-1.649241223323158,-2.5751125869745697,146.6787430801162,2.166367179747056
https://comptox.epa.gov/dashboard/chemical/details/DTXSID4044872,Bis[4-(glycidyloxy)phenyl]methane,2095-03-6,C19H20O4,312.136159,76,322,24.0,Active,-3.227951125973386,-5.040098111229453,65.7441091169301,1.8178568447264067
https://comptox.epa.gov/dashboard/chemical/details/DTXSID4047389,SAR 150640,433212-21-6,C25H35ClN2O7S,542.185350,257,685,38.0,Active,-2.4943171505352457,-3.8946076531530402,55.063130267080965,1.740860896833514
https://comptox.epa.gov/dashboard/chemical/details/DTXSID4047339,SR144190,181640-09-5,C33H39ClF2N4O3,612.267875,107,641,17.0,Active,-1.268376237340368,-1.9804329212759637,114.43639765687902,2.0585641781933157
https://comptox.epa.gov/dashboard/chemical/details/DTXSID4047387,SAR102779,NOCAS_47387,C35H38Cl2FN3O7,701.207084,308,643,48.0,Active,-1.089801767236736,-1.7016081143446902,16.839729439690977,1.2263351095037036
https://comptox.epa.gov/dashboard/chemical/details/DTXSID4048191,"4,4'-Methylenebis(2,6-diethylaniline)",13680-35-8,C21H30N2,310.240899,118,353,33.0,Active,-2.147645071615854,-3.3533165300878705,23.88497291175095,1.378124753080802
https://comptox.epa.gov/dashboard/chemical/details/DTXSID4048511,Ro 3280,1062243-51-9,C27H35F2N7O3,543.276944,398,696,57.0,Active,-1.960151797296315,-3.060565970712169,1.7340396252660475,0.2390590174987621
https://comptox.epa.gov/dashboard/chemical/details/DTXSID4048519,PharmaGSID_48519,686756-87-6,C22H20BrN5O4,497.069867,321,630,51.0,Active,-1.0127087445600909,-1.5812356604822237,0.037367464882424914,-1.4275063649526127
https://comptox.epa.gov/dashboard/chemical/details/DTXSID4052267,Glycerol tributyrate,60-01-5,C15H26O6,302.172939,8,197,4.0,Active,-1.2403940143300924,-1.9367416930515702,87.65275275745817,1.9427655597749511
https://comptox.epa.gov/dashboard/chemical/details/DTXSID4058655,BPS-MPE4,63134-33-8,C19H16O4S,340.076930,66,192,34.0,Active,-1.4892922514893405,-2.3253694900775805,25.13699949184471,1.4003134363608796
https://comptox.epa.gov/dashboard/chemical/details/DTXSID5020449,Dichlorvos,62-73-7,C4H7Cl2O4P,219.945901,46,698,7.0,Active,1.5457650150813753,2.4135456296807765,16.227873058314803,1.2102616017997874
https://comptox.epa.gov/dashboard/chemical/details/DTXSID5020366,Cyproterone acetate,427-51-0,C24H29ClO4,416.175437,169,686,25.0,Active,-1.4479976747668615,-2.2608924549489195,57.22087296396523,1.7575544791340643
https://comptox.epa.gov/dashboard/chemical/details/DTXSID5020283,"4-Chloro-1,2-diaminobenzene",95-83-0,C6H7ClN2,142.029776,205,624,33.0,Active,1.6297922519711745,2.54474511239054,7.790344643879246,0.8915566712314971
https://comptox.epa.gov/dashboard/chemical/details/DTXSID5020576,17alpha-Ethinylestradiol,57-63-6,C20H24O2,296.177630,218,721,30.0,Active,-1.053150649090336,-1.6443813397948077,2.7648887036370335,0.4416776541329005
https://comptox.epa.gov/dashboard/chemical/details/DTXSID5020653,Gentian Violet,548-62-9,C25H30ClN3,407.212826,475,711,67.0,Active,-1.285743629718571,-2.0075502344279608,0.9971269279368935,-0.0012495552350153662
https://comptox.epa.gov/dashboard/chemical/details/DTXSID5020811,Mercuric chloride,7487-94-7,Cl2Hg,271.908348,397,709,56.0,Active,-1.4057685749916917,-2.1949562626989296,56.785149283384314,1.7542347718453912
https://comptox.epa.gov/dashboard/chemical/details/DTXSID5022271,4-(Diethylamino)salicylaldehyde,17754-90-4,C11H15NO2,193.110279,27,315,9.0,Active,-0.8632551642555968,-1.3478799873593803,70.50396916453583,1.848213567172005
https://comptox.epa.gov/dashboard/chemical/details/DTXSID5023322,Mifepristone,84371-65-3,C29H35NO2,429.266779,336,709,47.0,Active,-1.0672522109266214,-1.666399410206272,8.250000540368355,0.9164539769958628
https://comptox.epa.gov/dashboard/chemical/details/DTXSID5024134,delta-Hexachlorocyclohexane,319-86-8,C6H6Cl6,287.860066,74,313,24.0,Active,-1.6787146832232671,-2.621132221032425,77.74517764539657,1.8906734602461974
https://comptox.epa.gov/dashboard/chemical/details/DTXSID5024845,Colchicine,64-86-8,C22H25NO6,399.168188,216,678,32.0,Active,-1.3186248149517013,-2.0588906646640326,3.262148616995893,0.5135037427468607
https://comptox.epa.gov/dashboard/chemical/details/DTXSID5025815,Orphenadrine hydrochloride,341-69-5,C18H24ClNO,305.154642,17,319,5.0,Active,-1.1971077774466565,-1.8691548950350272,52.7856545121925,1.7225159109296388
https://comptox.epa.gov/dashboard/chemical/details/DTXSID5026120,"3,3',5,5'-Tetramethylbenzidine",54827-17-7,C16H20N2,240.162649,18,316,6.0,Active,-0.9694532017289795,-1.5136967879233811,78.9967646905803,1.897609305141071
https://comptox.epa.gov/dashboard/chemical/details/DTXSID5027061,2-Naphthalenol,135-19-3,C10H8O,144.057515,98,616,16.0,Active,-0.7606939852108224,-1.1877417496302831,189.4632638401583,2.277525014524968
https://comptox.epa.gov/dashboard/chemical/details/DTXSID5029055,"4-Nonylphenol, branched",84852-15-3,, ,332,783,42.0,Active,-1.2218519030466561,-1.9077901828177612,18.311466145712668,1.2627231183869547
https://comptox.epa.gov/dashboard/chemical/details/DTXSID5032315,"4,5-Dichloro-2-octyl-3(2H)-isothiazolone",64359-81-5,C11H17Cl2NOS,281.040791,153,366,42.0,Active,1.4698125314163992,2.294954004676666,10.000000000000002,1
https://comptox.epa.gov/dashboard/chemical/details/DTXSID5032523,"1,2-Benzisothiazolin-3-one",2634-33-5,C7H5NOS,151.009185,260,625,42.0,Active,-1.0261767774062174,-1.6022645435912481,35.00000000000001,1.5440680443502757
https://comptox.epa.gov/dashboard/chemical/details/DTXSID5032654,"N,N'-Bis(1-formamido-2,2,2-trichloroethyl)piperazine",26644-46-2,C10H14Cl6N4O2,431.924792,16,366,4.0,Active,-0.9608430981785324,-1.5002530383285007,151.00935618468353,2.1790038559918425
https://comptox.epa.gov/dashboard/chemical/details/DTXSID5037028,Hexadecyltrimethylammonium bromide,57-09-0,C19H42BrN,363.250063,193,368,52.0,Active,-2.874883342377256,-4.488820783973694,8.673365669620264,0.9381876566578805
https://comptox.epa.gov/dashboard/chemical/details/DTXSID50375114,"Perfluoro-3,6,9-trioxatridecanoic acid",330562-41-9,C10HF19O5,561.952058,162,259,63.0,Active,-0.992974313558197,-1.5504224713919335,24.781322397836206,1.3941244777769095
https://comptox.epa.gov/dashboard/chemical/details/DTXSID5037731,"4,4'-(9H-Fluorene-9,9-diyl)diphenol",3236-71-3,C25H18O2,350.130680,265,437,61.0,Active,-1.8482377788405033,-2.885824281316502,18.925740874755896,1.27705288957345
https://comptox.epa.gov/dashboard/chemical/details/DTXSID5038888,Basic Blue 7,2390-60-5,C33H40ClN3,513.291076,315,494,64.0,Active,-2.493135695973111,-3.8927629390682434,0.8956866988489738,-0.047843875109401954
https://comptox.epa.gov/dashboard/chemical/details/DTXSID5040758,AM580,102121-60-8,C22H25NO3,351.183444,92,319,29.0,Active,-1.7126249943737861,-2.67407952057662,69.04614612330883,1.8391394430292032
https://comptox.epa.gov/dashboard/chemical/details/DTXSID5040708,4-Hexylaniline,33228-45-4,C12H19N,177.151750,45,357,13.0,Active,-0.7735537518631962,-1.2078208905732661,5.297844476663271,0.7240992050147546
https://comptox.epa.gov/dashboard/chemical/details/DTXSID5044520,Tetrabromophenolphthalein ethyl ester,1176-74-5,C22H14Br4O4,657.762561,171,454,38.0,Active,-3.0175242794717234,-4.711539248280379,46.210862025028675,1.6647440699950389
https://comptox.epa.gov/dashboard/chemical/details/DTXSID5044528,Oxyphenisatin,125-13-3,C20H15NO3,317.105193,97,319,30.0,Active,-3.1441823149953603,-4.909302132754727,92.04457796197707,1.9639982107591185
https://comptox.epa.gov/dashboard/chemical/details/DTXSID5044992,"2,5-Bis(2-methylbutan-2-yl)benzene-1,4-diol",79-74-3,C16H26O2,250.193280,106,321,33.0,Active,-2.722682638363153,-4.251175772976834,35.00000000000001,1.5440680443502757
https://comptox.epa.gov/dashboard/chemical/details/DTXSID5044994,2-Ethylanthraquinone,84-51-5,C16H12O2,236.083730,23,318,7.0,Active,-0.6555267480949545,-1.0235344328323657,2.1993551535796607,0.3422953652342359
https://comptox.epa.gov/dashboard/chemical/details/DTXSID5047328,"Potassium 5-carbamoyl-3-[5'-fluoro-2'-(2,2,3,3,3-pentafluoropropoxy)-3-biphenylyl]-1,2,4-triazol-1-ide hydrate (1:1:1)",NOCAS_47328,C18H13F6KN4O3,486.052891,295,622,47.0,Active,-0.7141675419973079,-1.1150957183208883,2.8313921040071572,0.452000016597504
https://comptox.epa.gov/dashboard/chemical/details/DTXSID5048188,4-Thiocresol,106-45-6,C7H8S,124.034671,26,346,8.0,Active,-1.9651777189082331,-3.0684134061394253,68.3360738443442,1.8346500233840524
https://comptox.epa.gov/dashboard/chemical/details/DTXSID5051444,"4,4'-(1-Phenylethylidene)bisphenol",1571-75-1,C20H18O2,290.130680,71,192,37.0,Active,-1.6117230081675966,-2.516531933810181,15.128122109028062,1.1797850213276662
https://comptox.epa.gov/dashboard/chemical/details/DTXSID5060986,"1H,1H,5H,5H-Perfluoro-1,5-pentanediol diacrylate",678-95-5,C11H10F6O4,320.048328,171,263,65.0,Active,-1.902289611717327,-2.9702203982833657,76.9538000569295,1.8862300706003357
https://comptox.epa.gov/dashboard/chemical/details/DTXSID5057915,MED_ERAntagonMix_4EQC,NOCAS_57915,, ,5,82,6.0,Active,-1.1517713514677035,-1.7983669475014314,184.037701213789,2.2649067999220263
https://comptox.epa.gov/dashboard/chemical/details/DTXSID6020197,Bromocriptine mesylate,22260-51-1,C33H44BrN5O8S,749.209398,69,355,19.0,Active,-1.2403803003783933,-1.9367202801926517,3.480444215721425,0.5416346773157373
https://comptox.epa.gov/dashboard/chemical/details/DTXSID6020511,"3,3'-Dimethylbenzidine dihydrochloride",612-82-8,C14H18Cl2N2,284.084704,71,388,18.0,Active,-0.7750075749074906,-1.2100908787154814,100.00000000000001,2
https://comptox.epa.gov/dashboard/chemical/details/DTXSID6020779,Lithocholic acid,434-13-9,C24H40O3,376.297745,106,328,32.0,Active,-0.9170097449984116,-1.431811977125828,100.00000000000001,2
https://comptox.epa.gov/dashboard/chemical/details/DTXSID6020690,Hexachlorophene,70-30-4,C13H6Cl6O2,403.849896,324,546,59.0,Active,-0.9220410716902604,-1.4396678520034003,10.000000000000002,1
https://comptox.epa.gov/dashboard/chemical/details/DTXSID6021240,Retinol acetate,127-47-9,C22H32O2,328.240230,61,372,16.0,Active,-1.758398723516095,-2.74555026991286,142.77409150021666,2.1546494053439145
https://comptox.epa.gov/dashboard/chemical/details/DTXSID6021248,Rotenone,83-79-4,C23H22O6,394.141638,318,768,41.0,Active,0.8610207168931105,1.3443911383985978,0.025493025387950147,-1.5935786215207244
https://comptox.epa.gov/dashboard/chemical/details/DTXSID6023810,Benzethonium chloride,121-54-0,C27H42ClNO2,447.290407,277,456,61.0,Active,-1.2306925626684573,-1.9215939208927688,10.000000000000002,1
https://comptox.epa.gov/dashboard/chemical/details/DTXSID6024624,Bisphenol A diglycidyl ether,1675-54-3,C21H24O4,340.167459,104,372,28.0,Active,-2.0681827459600504,-3.229244664739864,67.87716300964667,1.831723682275522
https://comptox.epa.gov/dashboard/chemical/details/DTXSID6024882,Cycloheximide,66-81-9,C15H23NO4,281.162708,255,621,41.0,Active,-1.075088048448335,-1.6786342267669412,1.1805725647622487,0.07209268646538125
https://comptox.epa.gov/dashboard/chemical/details/DTXSID6027052,"2,6-Di-tert-butylphenol",128-39-2,C14H22O,206.167065,77,580,13.0,Active,-1.0040535392464154,-1.5677214893404272,185.7051070251565,2.268823847317306
https://comptox.epa.gov/dashboard/chemical/details/DTXSID6032647,2-(Thiocyanomethylthio)benzothiazole,21564-17-0,C9H6N2S3,237.969312,352,746,47.0,Active,-2.3680876879947355,-3.697513939244938,2.9698952927171223,0.4727411380051664
https://comptox.epa.gov/dashboard/chemical/details/DTXSID6034186,Spironolactone,52-01-7,C24H32O4S,416.202131,213,680,31.0,Active,-0.9790879527435753,-1.528740414203871,20.732815067546717,1.3166582738883041
https://comptox.epa.gov/dashboard/chemical/details/DTXSID6035285,"9,12-Tetradecadien-1-ol, 1-acetate, (9E,12Z)-",31654-77-0,C16H28O2,252.208930,117,439,27.0,Active,-1.1772930044374947,-1.838216260551272,163.99242103290536,2.214823777440103
https://comptox.epa.gov/dashboard/chemical/details/DTXSID60380390,"2,2,2-Trifluoroethyl perfluorobutanesulfonate",79963-95-4,C6H2F12O3S,381.953303,35,234,15.0,Active,-1.9842107855811777,-3.098131490349974,86.64865404608811,1.9377618210038103
https://comptox.epa.gov/dashboard/chemical/details/DTXSID6038877,3-Hydroxy-2-naphthoic o-anisidide,135-62-6,C18H15NO3,293.105193,117,334,35.0,Active,-1.0907579169667097,-1.7031010391939287,15.073131755763885,1.17820349537649
https://comptox.epa.gov/dashboard/chemical/details/DTXSID6041682,Bromophenol blue,115-39-9,C19H10Br4O5S,665.698247,88,373,24.0,Active,-0.8476450626784379,-1.3235064945756523,100.00000000000001,2
https://comptox.epa.gov/dashboard/chemical/details/DTXSID6044309,"1,10-Phenanthroline hydrochloride hydrate",18851-33-7,C12H11ClN2O,234.055991,84,319,26.0,Active,-0.7525097163523206,-1.1749628950548159,5.254514720767457,0.7205326130712746
https://comptox.epa.gov/dashboard/chemical/details/DTXSID6044779,"1,4-Butanediol diacrylate",1070-70-8,C10H14O4,198.089209,105,318,33.0,Active,-3.00370328288791,-4.689959250300583,185.65098224206122,2.268697251333137
https://comptox.epa.gov/dashboard/chemical/details/DTXSID6044800,Sodium dibutylcarbamodithioate,136-30-1,C9H18NNaS2,227.077836,38,318,12.0,Active,-3.4196509373501467,-5.339416725278078,181.34408113673487,2.258503385272922
https://comptox.epa.gov/dashboard/chemical/details/DTXSID6044808,3-(4-tert-Butylphenyl)propanal,18127-01-0,C13H18O,190.135765,13,319,4.0,Active,-0.9138210026139251,-1.4268330992426006,195.74172516155312,2.2916834116360554
https://comptox.epa.gov/dashboard/chemical/details/DTXSID6046979,"1-(2,6-Dichlorophenyl)-2-indolinone",15362-40-0,C14H9Cl2NO,277.006119,51,319,16.0,Active,-0.7588834991609448,-1.1849148706087973,21.746866756977106,1.3373966935583521
https://comptox.epa.gov/dashboard/chemical/details/DTXSID6047311,GSK163929B,NOCAS_47311,C36H40ClF2N5O3S,695.250845,241,648,37.0,Active,-1.023228950827542,-1.597661829798011,6.608324805879374,0.8200913808520336
https://comptox.epa.gov/dashboard/chemical/details/DTXSID6047363,Volinanserin,139290-65-6,C22H28FNO3,373.205322,103,662,16.0,Active,-0.9765173404629979,-1.5247266799202905,100.00000000000001,2
https://comptox.epa.gov/dashboard/chemical/details/DTXSID7020182,Bisphenol A,80-05-7,C15H16O2,228.115030,221,951,23.0,Active,-1.2323955424515456,-1.9242529404544784,100,2
https://comptox.epa.gov/dashboard/chemical/details/DTXSID7020263,Chlorambucil,305-03-3,C14H19Cl2NO2,303.079284,104,431,24.0,Active,0.8707260136182888,1.3595449142101017,55.856510814271,1.7470738031616815
https://comptox.epa.gov/dashboard/chemical/details/DTXSID7020423,Mucochloric acid,87-56-9,C4H2Cl2O3,167.938099,77,318,24.0,Active,-3.198018262572669,-4.993361168072004,163.82754879782757,2.214386933351639
https://comptox.epa.gov/dashboard/chemical/details/DTXSID7020687,"1,2,3,4,5,6-Hexachlorocyclohexane",608-73-1,C6H6Cl6,287.860066,95,446,21.0,Active,-0.9843281039097421,-1.5369223460127641,159.1780690825813,2.2018832321672908
https://comptox.epa.gov/dashboard/chemical/details/DTXSID7020843,Methyl linoleate,112-63-0,C19H34O2,294.255880,178,481,37.0,Active,-1.0675679622018093,-1.6668924218237304,182.89572173992158,2.2622035466657264
https://comptox.epa.gov/dashboard/chemical/details/DTXSID7021106,Pentachlorophenol,87-86-5,C6HCl5O,263.847003,248,608,41.0,Active,1.8221230843610527,2.8450489978055034,50,1.6989700043360187
https://comptox.epa.gov/dashboard/chemical/details/DTXSID7021152,4-Phenylphenol,92-69-3,C12H10O,170.073165,128,526,24.0,Active,-0.7446745072402333,-1.162729059688114,24.012329672822695,1.3804342972902361
https://comptox.epa.gov/dashboard/chemical/details/DTXSID7021237,Reserpine,50-55-5,C33H40N2O9,608.273381,255,677,38.0,Active,-1.1857379807770174,-1.851402181786486,13.295133784441456,1.1236927118482822
https://comptox.epa.gov/dashboard/chemical/details/DTXSID7021239,Retinoic acid,302-79-4,C20H28O2,300.208930,239,689,35.0,Active,-1.0827981506599222,-1.6906727211794885,21.258729038341418,1.3275372964932692
https://comptox.epa.gov/dashboard/chemical/details/DTXSID7022598,Amoxapine,14028-44-5,C17H16ClN3O,313.098190,84,322,26.0,Active,-0.8643914501491958,-1.3496541754318276,14.029191008706071,1.147032628221185
https://comptox.epa.gov/dashboard/chemical/details/DTXSID7024081,Endothal,145-73-3,C8H10O5,186.052823,141,573,25.0,Active,-1.5296020224619922,-2.388308857067559,133.13681168136196,2.1242981523920474
https://comptox.epa.gov/dashboard/chemical/details/DTXSID7024245,Pendimethalin,40487-42-1,C13H19N3O4,281.137556,142,691,21.0,Active,-1.0204110267595476,-1.5932619447878549,70.73289607927394,1.8496214401480326
https://comptox.epa.gov/dashboard/chemical/details/DTXSID7024950,"2,3-Dibromopropyl acrylate",19660-16-3,C6H8Br2O2,269.889105,119,301,40.0,Active,-2.102847186222641,-3.28336945569116,185.01450792838764,2.2672057849770715
https://comptox.epa.gov/dashboard/chemical/details/DTXSID7024827,Chlorpromazine hydrochloride,69-09-0,C17H20Cl2N2S,354.072425,399,732,55.0,Active,-0.9159589572142415,-1.4301712851451829,6.52611297971696,0.814654587999653
https://comptox.epa.gov/dashboard/chemical/details/DTXSID7025138,"N,N-Dimethyl-4-nitrosoaniline",138-89-6,C8H10N2O,150.079313,146,331,44.0,Active,-2.3509546474419696,-3.6707625412343585,44.456369782105,1.6479339961954396
https://comptox.epa.gov/dashboard/chemical/details/DTXSID7025421,Benzohydroxamic acid,495-18-1,C7H7NO2,137.047678,40,430,9.0,Active,-2.3947757824997433,-3.7391845251545814,20.93300632049295,1.3208316045757473
https://comptox.epa.gov/dashboard/chemical/details/DTXSID7025506,Linolenic acid,463-40-1,C18H30O2,278.224580,52,365,14.0,Active,-1.2647571047717834,-1.9747820354628423,146.1525265671806,2.1648063274916094
https://comptox.epa.gov/dashboard/chemical/details/DTXSID7028015,Tripropylene glycol diacrylate,42978-66-5,C15H24O6,300.157288,200,435,46.0,Active,-2.7549724339432857,-4.30159281194806,149.8477819813734,2.1756503189841703
https://comptox.epa.gov/dashboard/chemical/details/DTXSID7029534,"2,3-Dichloro-5-(trichloromethyl)pyridine",69045-83-6,C6H2Cl5N,262.862988,41,316,13.0,Active,-1.6078088008270903,-2.5104203205130937,12.961473201121581,1.112654366253436
https://comptox.epa.gov/dashboard/chemical/details/DTXSID7029904,Fluorotelomer alcohol 8:2,678-39-7,C10H5F17O,464.006894,178,687,26.0,Active,-0.913573562745185,-1.4264467485308303,150.00000000000006,2.1760912590556813
https://comptox.epa.gov/dashboard/chemical/details/DTXSID7031290,Isocyclemone E,54464-57-2,C16H26O,234.198365,138,433,32.0,Active,1.3608215584194643,2.124776336023996,146.6398071026554,2.166251880661829
https://comptox.epa.gov/dashboard/chemical/details/DTXSID7032345,Chlorhexidine diacetate,56-95-1,C26H38Cl2N10O4,624.245455,198,381,52.0,Active,-0.8778066117181179,-1.3706005057344506,8.799576515258625,0.944461771978369
https://comptox.epa.gov/dashboard/chemical/details/DTXSID7034674,Ipconazole,125225-28-7,C18H24ClN3O,333.160790,166,404,41.0,Active,-0.8529301471103566,-1.3317585848407951,10.000000000000002,1
https://comptox.epa.gov/dashboard/chemical/details/DTXSID70379295,"3H-Perfluoro-2,2,4,4-tetrahydroxypentane",77953-71-0,C5H5F7O4,262.007606,54,258,21.0,Active,-3.3075607101629703,-5.164399904921789,19.362756457701607,1.2869671829907383
https://comptox.epa.gov/dashboard/chemical/details/DTXSID70381151,Perfluorooctanamidine,307-31-3,C8H3F15N2,412.005671,81,258,31.0,Active,-0.787174310534454,-1.2290879263349044,88.92984673478342,1.9490475438360149
https://comptox.epa.gov/dashboard/chemical/details/DTXSID7041097,1-(2-Chlorophenyl)-N-methyl-N-(1-methylpropyl)-3-isoquinolinecarboxamide,85532-75-8,C21H21ClN2O,352.134241,129,630,20.0,Active,-0.8530792783329662,-1.3319914371870873,28.264379659067984,1.4512394580926125
https://comptox.epa.gov/dashboard/chemical/details/DTXSID7041461,"3,3,4,4-Tetrachlorotetrahydrothiophene 1,1-dioxide",3737-41-5,C4H4Cl4O2S,255.868611,262,439,60.0,Active,-1.0066725172221802,-1.5718107414492315,2.1645278179342595,0.335363171621901
https://comptox.epa.gov/dashboard/chemical/details/DTXSID7041887,Dipentaerythritol pentaacrylate,60506-81-2,C25H32O12,524.189376,154,319,48.0,Active,-1.0127021105907053,-1.5812253022533456,0.812377761872537,-0.09024197353438011
https://comptox.epa.gov/dashboard/chemical/details/DTXSID7043902,"1,1,3,3-Tetrabutylurea",4559-86-8,C17H36N2O,284.282764,143,428,33.0,Active,-1.2216711617930769,-1.9075079748117427,35.00000000000001,1.5440680443502757
https://comptox.epa.gov/dashboard/chemical/details/DTXSID7044504,Cadmium dinitrate,10325-94-7,CdN2O6,237.879001,120,319,38.0,Active,-1.9419521763836338,-3.0321492223143953,1.3296649025263385,0.12374220538793239
https://comptox.epa.gov/dashboard/chemical/details/DTXSID7047146,Diethylstilbestrol dipropionate,130-80-3,C24H28O4,380.198759,91,334,27.0,Active,-2.193541179029103,-3.4249783599170147,25.882766246547277,1.4130106901346149
https://comptox.epa.gov/dashboard/chemical/details/DTXSID7047358,Nelivaptan,439687-69-1,C30H32ClN3O8S,629.159864,248,645,38.0,Active,-1.274197247218727,-1.9895218014195621,53.71249714249942,1.7300753435875282
https://comptox.epa.gov/dashboard/chemical/details/DTXSID7048166,PharmaGSID_48166,NOCAS_48166,C19H21N3O8,419.132865,272,593,46.0,Active,-2.100548002583801,-3.2797795280053768,5.463884757884936,0.7375015308011375
https://comptox.epa.gov/dashboard/chemical/details/DTXSID7048168,Fabesetron hydrochloride,129299-90-7,C18H20ClN3O,329.129490,284,669,42.0,Active,-0.9088114306063982,-1.4190111919621458,7.850740317446166,0.8949106122384922
https://comptox.epa.gov/dashboard/chemical/details/DTXSID7052284,"1,2-Bis(chloromethyl)benzene",612-12-4,C8H8Cl2,174.000306,39,195,20.0,Active,-2.4876615651656446,-3.884215673243389,55.50897597648299,1.744363215588663
https://comptox.epa.gov/dashboard/chemical/details/DTXSID7051890,beta-Damascone,23726-91-2,C13H20O,192.151415,37,210,18.0,Active,-1.7922032199779554,-2.798332351214388,189.82318940543794,2.278349266129423
https://comptox.epa.gov/dashboard/chemical/details/DTXSID801339553,AFFF Solberg F1 (1X),NOCAS_1339553,, ,16,81,20.0,Active,-1.377535865848364,-2.150873927349051,0.07461374483964558,-1.1271811623642458
https://comptox.epa.gov/dashboard/chemical/details/DTXSID8020202,Budesonide,51333-22-3,C25H34O6,430.235539,64,321,20.0,Active,-1.0386268036812587,-1.621703919054119,36.433990867653534,1.5615067451335194
https://comptox.epa.gov/dashboard/chemical/details/DTXSID8020674,Griseofulvin,126-07-8,C17H17ClO6,352.071366,63,432,15.0,Active,-1.1276918329231655,-1.760769372073754,11.542137436282893,1.062286241300309
https://comptox.epa.gov/dashboard/chemical/details/DTXSID8020965,6-Nitrobenzimidazole,94-52-0,C7H5N3O2,163.038176,2,321,1.0,Active,1.1335634045153253,1.7699371988891832,77.85378875799276,1.8912797523781435
https://comptox.epa.gov/dashboard/chemical/details/DTXSID8020917,N-(1-Naphthyl)ethylenediamine dihydrochloride,1465-25-4,C12H16Cl2N2,258.069054,68,318,21.0,Active,-1.343777396194029,-2.0981637119515044,61.781342650759655,1.7908573422865695
https://comptox.epa.gov/dashboard/chemical/details/DTXSID8022377,17alpha-Estradiol,57-91-0,C18H24O2,272.177630,195,652,30.0,Active,-1.071022580187273,-1.6722864358295357,8.654852512000051,0.9372596714291724
https://comptox.epa.gov/dashboard/chemical/details/DTXSID8025886,"Ethyl 2,3-epoxy-3-phenylpropionate",121-39-1,C11H12O3,192.078644,16,353,5.0,Active,-1.5559777020191885,-2.4294916406757006,71.20350224888136,1.8525013555744452
https://comptox.epa.gov/dashboard/chemical/details/DTXSID8027585,4-(Diglycidylamino)phenyl glycidyl ether,5026-74-4,C15H19NO4,277.131408,107,331,32.0,Active,-2.4444973631894924,-3.816819419594372,185.49978247619984,2.2683434046818385
https://comptox.epa.gov/dashboard/chemical/details/DTXSID8027793,N-(Cyclohexylthio)phthalimide,17796-82-6,C14H15NO2S,261.082350,135,350,39.0,Active,-1.427668886893283,-2.229151241601301,187.06501615309045,2.2719925757829498
https://comptox.epa.gov/dashboard/chemical/details/DTXSID8027795,"3,4,5,6-Tetrachloropyridine-2-carbonitrile",17824-83-8,C6Cl4N2,239.881559,148,319,46.0,Active,-4.820089756081611,-7.526051147462033,5.944173032220397,0.7740914430547989
https://comptox.epa.gov/dashboard/chemical/details/DTXSID8029282,"4,4'-(4-Methylpentane-2,2-diyl)diphenol",6807-17-6,C18H22O2,270.161980,166,331,50.0,Active,-0.9864968789956312,-1.54030865478495,10.000000000000002,1
https://comptox.epa.gov/dashboard/chemical/details/DTXSID8029286,"1,1,2,2-(4,4',4'',4'''-Tetraglycidyloxyphenyl)ethane",7328-97-4,C38H38O8,622.256668,60,316,19.0,Active,-1.4439880960228932,-2.254631929474512,178.9829053008412,2.252811553393058
https://comptox.epa.gov/dashboard/chemical/details/DTXSID8029157,alpha-Amyl cinnamaldehyde,122-40-7,C14H18O,202.135765,74,467,16.0,Active,-1.1256263074431239,-1.7575442764436229,186.62095244369138,2.2709604015747034
https://comptox.epa.gov/dashboard/chemical/details/DTXSID8031077,Curcumin,458-37-7,C21H20O6,368.125988,248,463,54.0,Active,-1.9266025200664878,-3.008182386760545,50.81929742034745,1.7060286566101517
https://comptox.epa.gov/dashboard/chemical/details/DTXSID8031863,Perfluorononanoic acid,375-95-1,C9HF17O2,463.970508,223,726,31.0,Active,-2.242121880340895,-3.5008318940531398,214.5420319024805,2.3315123894580885
https://comptox.epa.gov/dashboard/chemical/details/DTXSID8034792,Oxycarboxin,5259-88-1,C12H13NO4S,267.056529,87,318,27.0,Active,-1.2028868702066475,-1.87817832611175,61.75591323576873,1.7906785483723722
https://comptox.epa.gov/dashboard/chemical/details/DTXSID8037750,(3Z)-Hexenyl salicylate,65405-77-8,C13H16O3,220.109944,84,447,19.0,Active,0.7788356987408207,1.216068081885217,140.65765478149527,2.1481633720426485
https://comptox.epa.gov/dashboard/chemical/details/DTXSID8037706,Potassium perfluorooctanesulfonate,2795-39-3,C8F17KO3S,537.893375,179,742,24.0,Active,-1.417823794009791,-2.2137791891412433,108.30225090419526,2.0346374828959823
https://comptox.epa.gov/dashboard/chemical/details/DTXSID80379721,"1H,1H,6H,6H-Perfluorohexane-1,6-diol diacrylate",2264-01-9,C12H10F8O4,370.045134,183,264,69.0,Active,-2.1252443044470803,-3.3183401441726774,94.23448078323116,1.9742098420060605
https://comptox.epa.gov/dashboard/chemical/details/DTXSID8040278,Iodenphos,18181-70-9,C8H8Cl2IO3PS,411.835350,69,319,22.0,Active,-3.1398383359045883,-4.902519477145584,65.57979315149866,1.8167700425055882
https://comptox.epa.gov/dashboard/chemical/details/DTXSID8040484,Forskolin,66575-29-9,C22H34O7,410.230453,91,371,25.0,Active,-1.0699185426065088,-1.6705626000252194,0.9435921036219567,-0.025215702131249636
https://comptox.epa.gov/dashboard/chemical/details/DTXSID8040723,2-Chloro-5-nitro-N-phenylbenzamide,22978-25-2,C13H9ClN2O3,276.030170,52,319,16.0,Active,-1.324697937822744,-2.0683731920992567,71.95530369509592,1.857062810512003
https://comptox.epa.gov/dashboard/chemical/details/DTXSID8040725,4-Chloromercuribenzoic acid,59-85-8,C7H5ClHgO2,357.968450,103,319,32.0,Active,-0.8389352807022781,-1.3099071078519684,7.235687035871202,0.8594797741173558
https://comptox.epa.gov/dashboard/chemical/details/DTXSID8042264,Pentaerythritol tetraacrylate,4986-89-4,C17H20O8,352.115818,141,319,44.0,Active,-1.7585825604847223,-2.745837311544593,8.316867911567638,0.9199598040765297
https://comptox.epa.gov/dashboard/chemical/details/DTXSID8044543,"Disodium 3-hydroxynaphthalene-2,7-disulfonate",135-51-3,C10H6Na2O7S2,347.935033,13,318,4.0,Active,-0.8921394696346183,-1.3929797200701974,180.72241202573548,2.257012014296086
https://comptox.epa.gov/dashboard/chemical/details/DTXSID8044913,N-[3-(Dimethylamino)propyl]dodecanamide,3179-80-4,C17H36N2O,284.282764,160,319,50.0,Active,-1.402165210573305,-2.1893299971544953,18.38108587128943,1.2643711639586421
https://comptox.epa.gov/dashboard/chemical/details/DTXSID8044678,Orphenadrine dihydrogen citrate,4682-36-4,C24H31NO8,461.204967,22,316,7.0,Active,-0.9894578355968712,-1.5449318696946372,100.00000000000001,2
https://comptox.epa.gov/dashboard/chemical/details/DTXSID8044836,"2,4,4'-Trihydroxybenzophenone",1470-79-7,C13H10O4,230.057909,106,498,21.0,Active,0.8311443291720888,1.2977423759339328,100.00000000000001,2
https://comptox.epa.gov/dashboard/chemical/details/DTXSID8047133,"2,4,5-Trimethyl-3-oxazoline",22694-96-8,C6H11NO,113.084064,18,316,6.0,Active,-0.9637814888660383,-1.5048410189936934,178.2310440836607,2.2509833512159947
https://comptox.epa.gov/dashboard/chemical/details/DTXSID8047347,SR271425,155990-20-8,C22H27N3O3S,413.177313,358,686,52.0,Active,1.6802913949584588,2.6235940866333474,0.09632535770095367,-1.0162593695741162
https://comptox.epa.gov/dashboard/chemical/details/DTXSID8047268,CI-959,104795-68-8,C14H14N5NaO3S,355.071505,242,629,38.0,Active,2.128479093045181,3.3233909182604036,75.72429748976285,1.8792352529823158
https://comptox.epa.gov/dashboard/chemical/details/DTXSID8047349,AVE8488,NOCAS_47349,C23H25ClFN3O4,461.151762,186,615,30.0,Active,-1.3045956476514706,-2.0369856305254834,9.629330576201639,0.9835960963491439
https://comptox.epa.gov/dashboard/chemical/details/DTXSID8047505,"3,5,3′-Triiodo-L-thyronine monosodium salt",55-06-1,C15H11I3NNaO4,672.771990,50,337,15.0,Active,-0.6780468046704808,-1.0586970763116295,24.138755431285638,1.3827148745741389
https://comptox.epa.gov/dashboard/chemical/details/DTXSID8047553,Perfluoroundecanoic acid,2058-94-8,C11HF21O2,563.964121,189,728,26.0,Active,-1.7510905707251743,-2.7341393762404884,33.367233160139214,1.5233201960733636
https://comptox.epa.gov/dashboard/chemical/details/DTXSID8047890,"3,3'-Dimethylbisphenol A",79-97-0,C17H20O2,256.146330,188,456,41.0,Active,-1.6028307373742992,-2.502647610448152,30.39635238105795,1.4828214705882032
https://comptox.epa.gov/dashboard/chemical/details/DTXSID8051914,"1,3-Phenylenedi(4-aminophenyl ether)",2479-46-1,C18H16N2O2,292.121178,47,217,22.0,Active,-0.8847728735692755,-1.3814775735177371,24.0520446524157,1.3811520014382104
https://comptox.epa.gov/dashboard/chemical/details/DTXSID8059920,Perfluoroheptanesulfonic acid,375-92-8,C7HF15O3S,449.940688,31,236,13.0,Active,-0.972904719298667,-1.519085960963791,91.88404873255469,1.9632401234784442
https://comptox.epa.gov/dashboard/chemical/details/DTXSID90174941,"3H,3H-Perfluoro-2,4-hexanedione",20825-07-4,C6H2F8O2,257.992705,13,240,5.0,Active,-1.259901426314114,-1.9672004163898902,111.72976450782096,2.0481688834070124
https://comptox.epa.gov/dashboard/chemical/details/DTXSID9020114,Auramine hydrochloride,2465-27-2,C17H22ClN3,303.150225,152,398,38.0,Active,-1.3529925797810696,-2.112552228871094,30.000000000000004,1.4771212547196626
https://comptox.epa.gov/dashboard/chemical/details/DTXSID9020116,5-Azacytidine,320-67-2,C8H12N4O5,244.080770,108,382,28.0,Active,-0.6494976908382268,-1.014120709109097,1.748676980936947,0.24270959315350016
https://comptox.epa.gov/dashboard/chemical/details/DTXSID9020293,2-Chloroacetophenone,532-27-4,C8H7ClO,154.018542,166,566,29.0,Active,-1.2712702202020607,-1.984951563902794,65.45152039441905,1.8159197393701558
https://comptox.epa.gov/dashboard/chemical/details/DTXSID9021217,Pyrimethamine,58-14-0,C12H13ClN4,248.082874,142,623,23.0,Active,-1.0871073717134445,-1.6974011058560623,27.25258703054377,1.435407735227732
https://comptox.epa.gov/dashboard/chemical/details/DTXSID9022360,"4-(1,1,3,3-Tetramethylbutyl)phenol",140-66-9,C14H22O,206.167065,307,695,44.0,Active,-0.924318987390662,-1.4432245720933528,15.052336234577048,1.1776039108961986
https://comptox.epa.gov/dashboard/chemical/details/DTXSID9024699,tert-Butyl perbenzoate,614-45-9,C11H14O3,194.094294,46,574,8.0,Active,1.1479009489568357,1.792323730729108,138.70028485966878,2.1420773530188884
https://comptox.epa.gov/dashboard/chemical/details/DTXSID9025401,"1,6-Hexanediol diacrylate",13048-33-4,C12H18O4,226.120509,202,440,46.0,Active,-0.8542787867572584,-1.3338643404336805,180.751749208513,2.2570825088320126
https://comptox.epa.gov/dashboard/chemical/details/DTXSID9026261,"Tris(1,3-dichloro-2-propyl) phosphate",13674-87-8,C9H15Cl6O4P,427.883912,226,779,29.0,Active,-1.1670215513862083,-1.822178492597843,39.49932215324355,1.5965896427750208
https://comptox.epa.gov/dashboard/chemical/details/DTXSID9027653,Isobornyl methacrylate,7534-94-3,C14H22O2,222.161980,143,425,34.0,Active,0.8889637666288279,1.3880212017727795,145.49213914231484,2.1628395292714773
https://comptox.epa.gov/dashboard/chemical/details/DTXSID9029223,"1,1-Bis(3,4-dimethylphenyl)ethane",1742-14-9,C18H22,238.172151,40,376,11.0,Active,1.078448371457326,1.6838810093202643,42.7739595671551,1.6311794545722558
https://comptox.epa.gov/dashboard/chemical/details/DTXSID9032327,Bendiocarb,22781-23-3,C11H13NO4,223.084458,58,655,9.0,Active,0.9750645944750786,1.5224583734856323,5.771158123162705,0.7612629736460822
https://comptox.epa.gov/dashboard/chemical/details/DTXSID9032589,Bromadiolone,28772-56-7,C30H23BrO4,526.077972,200,479,42.0,Active,-1.2522667079673642,-1.955279625765274,51.258379793150766,1.709764874614228
https://comptox.epa.gov/dashboard/chemical/details/DTXSID9032533,Chlorfenapyr,122453-73-0,C15H11BrClF3N2O,405.969538,178,367,49.0,Active,-1.792318408437029,-2.7985122055902307,161.93935217063395,2.2093523975727303
https://comptox.epa.gov/dashboard/chemical/details/DTXSID9032537,Didecyldimethylammonium chloride,7173-51-5,C22H48ClN,361.347528,423,683,62.0,Active,-1.7564344409700914,-2.7424832542228232,100.00000000000001,2
https://comptox.epa.gov/dashboard/chemical/details/DTXSID9033187,Amitriptyline hydrochloride,549-18-8,C20H24ClN,313.159727,84,324,26.0,Active,-1.4131610823875493,-2.206498867003967,20.71643739095854,1.316315071803011
https://comptox.epa.gov/dashboard/chemical/details/DTXSID9034997,Tributyltetradecylphosphonium chloride,81741-28-8,C26H56ClP,434.380816,218,386,56.0,Active,-0.8156968223533313,-1.2736227573579402,1.337962376545796,0.12644390125819885
https://comptox.epa.gov/dashboard/chemical/details/DTXSID9040134,Vincamine,1617-90-9,C21H26N2O3,354.194343,13,316,4.0,Active,-1.0210736588982332,-1.5942965735230163,183.2116314834784,2.2629530420869446
https://comptox.epa.gov/dashboard/chemical/details/DTXSID90382620,3-(Perfluoroheptyl)propanoic acid,812-70-4,C10H5F15O2,442.005002,26,242,11.0,Active,-1.0247456515885047,-1.6000299947243999,204.07863351612443,2.309797537632341
https://comptox.epa.gov/dashboard/chemical/details/DTXSID9040269,Binapacryl,485-31-4,C15H18N2O6,322.116486,215,427,50.0,Active,-1.651921635275997,-2.5792977616236272,47.52839353190563,1.6769531353126532
https://comptox.epa.gov/dashboard/chemical/details/DTXSID9040760,"{4-[({2-[3-Fluoro-4-(trifluoromethyl)phenyl]-4-methyl-1,3-thiazol-5-yl}methyl)sulfanyl]-2-methylphenoxy}acetic acid",317318-84-6,C21H17F4NO3S2,471.058598,101,322,31.0,Active,-1.181638056229032,-1.8450005910671554,35.00000000000001,1.5440680443502757
https://comptox.epa.gov/dashboard/chemical/details/DTXSID9040712,Triethyltin bromide,2767-54-6,C6H15BrSn,285.937915,221,378,58.0,Active,-3.528126501181492,-5.508789638015736,14.791435244480546,1.1700103165605253
https://comptox.epa.gov/dashboard/chemical/details/DTXSID9044615,Ethylene acrylate,2274-11-5,C8H10O4,170.057909,55,321,17.0,Active,-1.8551168848605464,-2.896565264654071,49.46319109463861,1.6942821312344836
https://comptox.epa.gov/dashboard/chemical/details/DTXSID9044950,Exifone,52479-85-3,C13H10O7,278.042653,53,319,17.0,Active,0.9906826124598167,1.54684422688739,100.00000000000001,2
https://comptox.epa.gov/dashboard/chemical/details/DTXSID9046992,Nicardipine hydrochloride,54527-84-3,C26H30ClN3O6,515.182313,128,334,38.0,Active,-0.6960531652498475,-1.0868120695083794,1.8415909220437803,0.2651931654755459
https://comptox.epa.gov/dashboard/chemical/details/DTXSID9047257,Zamifenacin,127308-82-1,C27H29NO3,415.214744,267,674,40.0,Active,0.7650447598248821,1.194535015717326,54.11227848481449,1.7332958209876324
https://comptox.epa.gov/dashboard/chemical/details/DTXSID9047259,"1,3-Dichloro-6,7,8,9,10,12-hexahydroazepino[2,1-b]quinazoline hydrochloride (1:1)",149062-75-9,C13H15Cl3N2,304.030082,82,640,13.0,Active,-0.8122469682135206,-1.2682361815841718,50,1.6989700043360187
https://comptox.epa.gov/dashboard/chemical/details/DTXSID9047330,PharmaGSID_47330,NOCAS_47330,C21H15F2N5O,391.124466,196,643,30.0,Active,-1.0979216778418368,-1.7142864804372933,8.048746092594522,0.9057282272643304
https://comptox.epa.gov/dashboard/chemical/details/DTXSID9048510,PharmaGSID_48510,460081-99-6,C21H16F4N2O4,436.104620,120,613,20.0,Active,-1.2048099452492862,-1.8811810007223306,33.977971181647796,1.5311974436642828
https://comptox.epa.gov/dashboard/chemical/details/DTXSID9048512,Ro 23-7637,107071-66-9,C33H40N2O,480.314064,274,591,46.0,Active,-1.2694790323182108,-1.9821548168896164,17.120584870786054,1.2335185968958249
https://comptox.epa.gov/dashboard/chemical/details/DTXSID90868151,Perfluorotridecanoic acid,72629-94-8,C13HF25O2,663.957733,41,237,17.0,Active,-0.8525724241694577,-1.3312000389866585,146.80445779689276,2.1667392433675032
https://comptox.epa.gov/dashboard/chemical/details/DTXSID9059969,"1H-Perfluoro-1,1-propanediol",422-63-9,C3H3F5O2,166.005320,7,251,3.0,Active,-1.4428954046962161,-2.2529258096242364,118.34696644372879,2.073157130252985